class_name,train,validation,test,total,train_percentage
Apple___Apple_scab,504,63,63,630,1.1605148633401645
Apple___Black_rot,496,62,63,621,1.1420939924934952
Apple___Cedar_apple_rust,220,27,28,275,0.5065739482834051
Apple___healthy,1316,164,165,1645,3.0302332542770958
Blueberry___healthy,1201,150,151,1502,2.765433235856225
Cherry_(including_sour)___Powdery_mildew,841,105,106,1052,1.936494047756108
Cherry_(including_sour)___healthy,683,85,86,854,1.5726818485343894
Corn_(maize)___Cercospora_leaf_spot Gray_leaf_spot,410,51,52,513,0.9440696308918004
Corn_(maize)___Common_rust_,953,119,120,1192,2.1943862396094778
Corn_(maize)___Northern_Leaf_Blight,788,98,99,985,1.814455778396924
Corn_(maize)___healthy,929,116,117,1162,2.13912362706947
Grape___Black_rot,944,118,118,1180,2.173662759906975
Grape___Esca_(Black_Measles),1106,138,139,1383,2.5466853945520276
Grape___Leaf_blight_(Isariopsis_Leaf_Spot),860,107,109,1076,1.9802436160169472
Grape___healthy,338,42,43,423,0.7782817932717769
Orange___Haunglongbing_(Citrus_greening),4405,550,552,5507,10.14299200994727
Peach___Bacterial_spot,1837,229,231,2297,4.229892468166432
Peach___healthy,288,36,36,360,0.6631513504800939
"Pepper,_bell___Bacterial_spot",797,99,101,997,1.8351792580994266
"Pepper,_bell___healthy",1182,147,149,1478,2.7216836675953857
Potato___Early_blight,800,100,100,1000,1.8420870846669275
Potato___Late_blight,800,100,100,1000,1.8420870846669275
Potato___healthy,121,15,16,152,0.2786156715558728
Raspberry___healthy,296,37,38,371,0.6815722213267632
Soybean___healthy,4072,509,509,5090,9.376223260954662
Squash___Powdery_mildew,1468,183,184,1835,3.380229800363812
Strawberry___Leaf_scorch,887,110,112,1109,2.042414055124456
Strawberry___healthy,364,45,47,456,0.8381496235234521
Tomato___Bacterial_spot,1701,212,214,2127,3.9167376637730547
Tomato___Early_blight,800,100,100,1000,1.8420870846669275
Tomato___Late_blight,1527,190,192,1909,3.516083722857998
Tomato___Leaf_Mold,761,95,96,952,1.7522853392894149
Tomato___Septoria_leaf_spot,1416,177,178,1771,3.260494139860462
Tomato___Spider_mites Two-spotted_spider_mite,1340,167,169,1676,3.0854958668171037
Tomato___Target_Spot,1123,140,141,1404,2.5858297451012
Tomato___Tomato_Yellow_Leaf_Curl_Virus,4285,535,537,5357,9.866678947247232
Tomato___Tomato_mosaic_virus,298,37,38,373,0.6861774390384305
Tomato___healthy,1272,159,160,1591,2.928918464620415
